id,longitude,latitude
100,-121.88188000000001,37.2742
767,-121.92196499999999,37.709121
1178,-120.35794299999999,37.672540000000005
1208,-121.493224,38.568383000000004
1596,-122.487734,37.628714
1742,-122.50766499999999,37.758148
1870,-122.24353700000002,38.110553
1872,-122.188702,38.103588
1874,-122.220027,38.066784000000006
2031,-122.42363799999998,37.733207
2063,-122.347209,37.393557
2480,-122.23324699999999,38.122023
2574,-122.286133,37.900737
2586,-121.16166100000001,38.653388
2658,-121.576637,38.538356
2856,-122.580623,37.99
2858,-122.06209399999999,37.324482
2883,-122.06967,37.59633
2906,-122.2397,38.073347999999996
2910,-122.408032,37.778469
2916,-122.06555800000001,37.362176
3015,-122.083298,37.37447
3082,-122.301588,37.906471999999994
3127,-121.04899999999999,37.696999999999996
3184,-122.288992,38.305099
3211,-120.769465,38.388863
3227,-122.23211699999999,37.471940999999994
3247,-122.257593,38.282292
3265,-122.216748,38.413656
3271,-122.342151,38.301803
3277,-120.744499,37.117940000000004
3318,-122.600633,38.247942
3327,-122.15756299999998,37.418683
3329,-120.74452600000001,37.118808
3334,-120.744611,37.118016
3336,-121.91792099999999,37.304996
3451,-122.69058799999999,38.014325
3631,-122.831015,38.407655
3666,-122.41462299999999,37.770439
3758,-122.25892900000001,38.114290000000004
3762,-122.215461,38.095808
3765,-122.14945800000001,38.060789
3791,-122.197826,38.134271000000005
3840,-122.550987,37.974382
3848,-122.63818799999999,38.259795000000004
3852,-121.438074,38.57925
3856,-121.15515900000001,38.739996000000005
3858,-121.63750900000001,37.111191999999996
3894,-121.92271699999999,37.821937
3900,-122.46557299999999,37.75213
3909,-122.458774,37.728475
3926,-122.02973100000001,37.039689
3934,-122.488004,37.619547999999995
3936,-122.040191,38.459879
3939,-122.173721,38.074533
3960,-122.26009599999999,38.14128
3964,-122.200224,38.074216
3970,-122.249604,37.472914
3998,-122.444018,37.734378
4087,-121.832505,37.234582
4091,-122.89390300000001,38.766178000000004
4097,-122.026904,36.955490999999995
4099,-121.80977,37.240967
4101,-122.476532,37.78119
4103,-121.887543,37.236415
4137,-122.277956,38.016884000000005
4161,-122.26453300000001,38.03187
4299,-122.0229,37.2747
4311,-121.20256699999999,38.758456
4339,-122.19350800000001,37.908272
4343,-122.247993,37.333872
4355,-122.034019,36.968538
4372,-122.411868,37.754071
4389,-122.15728600000001,37.846274
4391,-122.024496,38.300408000000004
4421,-122.250681,37.885448
4431,-121.95026499999999,37.248825
4445,-122.451633,37.737735
4478,-122.43616100000001,38.57168
4491,-122.251223,38.092815
4506,-122.27071000000001,37.875165
4575,-121.838373,37.366795
4606,-122.11939,37.280639
4610,-122.061968,37.303525
4613,-120.99483799999999,37.798345
4615,-122.224776,37.457715
4658,-122.01588100000001,37.969026
4766,-122.643194,38.012331
4772,-122.508902,37.968282
4776,-122.277557,37.901638
4782,-122.675545,38.016589
4788,-122.59468000000001,38.111506
4793,-122.633436,37.998215
4797,-122.039374,36.964960999999995
4801,-122.216922,37.784896
4896,-122.544976,37.906037
4904,-122.085101,37.714587
4928,-122.23881399999999,38.090348999999996
4930,-121.728591,38.542326
4952,-121.90337099999999,36.974067
4980,-120.98973500000001,38.67877
5024,-122.20661399999999,37.789281
5044,-122.25515800000001,37.799768
5084,-120.855535,37.523303000000006
5127,-122.25556599999999,38.107731
5151,-122.02301999999999,37.86313
5188,-122.28284099999999,38.013538
5220,-122.23421699999999,37.792463
5236,-122.266754,37.795963
5238,-122.05590500000001,37.59342
5282,-122.249959,37.792675
5340,-121.785504,38.552909
5448,-122.449265,37.730488
5488,-121.91981299999999,36.618025
5492,-121.764859,37.296981
5500,-121.358646,38.564514
5642,-122.497272,37.859305
5650,-122.012,36.981
5776,-122.420984,37.744865000000004
5818,-122.111403,37.89089
5868,-122.19962199999999,37.385324
6014,-122.44351100000002,37.802976
6154,-121.864774,37.736336
6344,-122.405652,37.760301
6384,-122.50298899999999,37.865771
6408,-121.638989,37.095690000000005
6426,-122.710002,38.432590999999995
6564,-122.066689,38.236684999999994
6572,-122.08018899999999,37.354479
6578,-122.25174799999999,38.096160999999995
6962,-121.72282299999999,37.898824
7198,-122.49160900000001,37.91887
7278,-121.49993,38.659195000000004
7282,-122.496871,37.588161
7312,-120.693491,38.691790000000005
7316,-122.289372,37.854831
7428,-122.340847,38.312453000000005
7562,-121.489377,38.586113
7806,-121.737844,38.553649
7846,-121.9294,36.603
8040,-122.558865,38.795204999999996
8056,-120.767197,38.352534999999996
8062,-122.614023,38.755009
8080,-120.58993500000001,38.766279
8084,-121.00556599999999,38.660003
8094,-120.729851,38.743017
8218,-120.530891,38.760144
8246,-121.493126,38.568439
8394,-121.497029,38.560306
8396,-121.493163,38.568405
8408,-121.4913,38.5786
8414,-121.49313300000001,38.568431
8422,-121.497095,38.560307
8424,-121.493163,38.568404
8432,-121.49313300000001,38.568432
8440,-121.49313300000001,38.568433
8474,-122.26311100000001,37.844776
8632,-122.44628,37.762859999999996
8880,-121.29157099999999,37.963366
8894,-121.504883,38.571129
8988,-122.0302,38.0285
9600,-122.12224199999999,37.898989
9750,-122.06513500000001,37.208908
9828,-122.369075,37.730112
9834,-122.559097,37.977114
10092,-121.97286000000001,37.857566
11032,-121.370746,36.836553
11414,-121.945419,38.533957
11416,-121.967532,38.525549
11422,-122.018626,38.696067
11424,-121.732626,38.660985
11426,-121.76231100000001,38.680493
11438,-122.142848,38.737889
11600,-122.221954,37.804103000000005
11610,-122.25405,37.82996
11628,-122.237399,37.759192999999996
11726,-122.26612,37.846309999999995
11806,-121.366522,38.741
11934,-120.75905800000001,38.504569000000004
11936,-120.743277,38.545289000000004
11938,-120.595427,38.487388
11950,-120.81804199999999,38.364751
11972,-120.848312,38.480810999999996
11988,-122.14178500000001,38.058971
11990,-122.15755300000001,38.058085999999996
12008,-120.59617800000001,38.486796000000005
12024,-120.896184,38.303461999999996
12090,-120.99031799999999,38.556018
12128,-120.80896100000001,38.399553999999995
12264,-120.411302,38.029472999999996
12326,-122.39173400000001,37.928257
12729,-120.86608500000001,38.13422
12731,-120.55593,38.081331
12735,-120.526247,38.398337
12811,-122.06242900000001,37.40637
12869,-122.14131200000001,37.100473
12873,-121.908428,37.159851
12951,-121.89786000000001,37.153818
13015,-121.34694099999999,38.584885
13021,-122.057855,37.32555
13073,-122.300749,37.508146999999994
13143,-122.630646,38.006316
13173,-121.89888300000001,37.762237
13201,-122.10053,37.883784000000006
13207,-120.953404,38.651809
13263,-120.87171399999998,38.785207
13269,-121.28981100000001,38.16871
13303,-121.916385,36.416272
13369,-121.493183,38.568338
13373,-121.493183,38.568338
13391,-121.493183,38.568338
13413,-121.493183,38.568338
13421,-121.493183,38.568338
13447,-121.493183,38.568338
13471,-120.952099,38.361326
13517,-122.22660400000001,37.853735
13907,-122.271749,37.851052
13997,-122.22653000000001,37.834309000000005
14029,-121.526478,38.416081
14049,-121.82242099999999,38.642482
14051,-121.97173500000001,38.679795
14063,-121.462542,38.558929
14071,-120.829752,38.299188
14073,-122.021165,37.186745
14091,-122.07008700000002,37.88362
14141,-121.94019399999999,37.955399
14161,-122.86840600000001,38.610624
14227,-121.413495,38.397442
14285,-122.314407,37.932385
14333,-120.23829199999999,38.037812
14335,-122.508728,38.436619
14339,-122.274923,37.908801000000004
14361,-122.09053,37.864353
14389,-122.34366200000001,37.911840000000005
14475,-121.38006599999999,38.520958
14513,-122.151648,38.760203000000004
14617,-120.461922,37.328769
14633,-121.964134,37.275560999999996
14693,-121.595735,37.009429
14729,-120.533332,38.456952
14749,-121.78102,37.28425
14767,-122.01048999999999,37.913523
14865,-122.2361,37.859781
14885,-122.16776499999999,37.873951
15037,-122.096376,37.878343
15049,-122.12982199999999,37.435972
15091,-122.03088100000001,37.381335
15113,-122.19199499999999,37.901513
15197,-122.01163500000001,37.331764
15235,-122.12302,37.884677
15245,-121.86348100000001,37.228361
15247,-121.55066200000002,37.770612
15251,-122.635379,37.999095000000004
15467,-122.279458,37.902159999999995
15477,-122.23948600000001,38.097953000000004
15553,-122.60186100000001,38.000655
15641,-121.81301100000002,37.379653999999995
15645,-122.18855500000001,37.80103
15649,-120.5789,38.7472
15651,-120.57751699999999,38.581035
15653,-120.81263200000001,38.733353
15659,-120.98221000000001,38.559816
15669,-122.518002,38.088906
15681,-121.080698,38.647469
15691,-120.525989,38.642088
15693,-120.82691299999999,38.726944
15705,-120.3116,38.7725
15715,-120.713076,38.605602000000005
15719,-120.827603,38.728823999999996
15725,-120.839175,38.677132
15731,-120.942001,38.673243
15733,-120.9263,38.7692
15769,-122.24854199999999,37.876976
15795,-122.56411899999999,38.002377
15803,-120.534893,37.328832
15807,-122.237075,37.47806
15843,-120.7102,38.7349
15845,-120.770707,38.722176
15853,-120.504522,38.610649
15879,-122.03376000000002,37.91556
15883,-122.43611499999999,37.453336
15887,-120.69679099999999,38.672564
15895,-120.59142299999999,38.713776
15981,-122.265948,37.452495
16013,-122.457618,37.736153
16073,-122.146821,37.447958
16085,-122.136762,37.415078
16123,-122.31193600000002,37.267790999999995
16137,-122.155295,37.441466
16149,-122.14616799999999,37.445303
16177,-122.204893,37.787513
16419,-120.61053600000001,38.709732
16489,-122.890153,38.488002
16513,-122.730787,38.451453
16519,-123.015084,38.498575
16533,-123.015305,38.4985
16553,-121.99394,38.351882
16559,-121.994487,38.351271999999994
16571,-121.81981200000001,38.458045
16583,-122.018849,38.696575
16599,-121.493183,38.568338
16603,-121.493183,38.568338
16605,-121.493183,38.568338
16619,-121.493183,38.568338
16627,-121.493183,38.568338
16633,-121.493183,38.568338
16639,-121.493183,38.568338
16643,-121.493183,38.568338
16645,-121.493183,38.568338
16655,-120.904738,36.019063
16671,-120.805079,35.862836
16717,-121.084708,35.947787
16761,-121.248928,38.777018
16905,-122.40183999999999,37.746169
16915,-122.41896899999999,37.762414
16943,-122.39923700000001,37.723212
17079,-122.552128,38.413513
17095,-122.07588999999999,37.901936
17101,-122.088255,37.373795
17337,-122.299402,38.331309000000005
17453,-120.86278700000001,37.493697999999995
17455,-120.847536,37.509091
17491,-120.855174,37.484857
17497,-120.827156,37.499303000000005
17503,-120.797826,37.488952000000005
17513,-120.85828899999998,37.526471
17649,-123.024147,38.475269
17739,-121.60759099999999,37.138341
17763,-122.451778,37.769830999999996
17781,-122.14738100000001,37.435263
17783,-121.772054,38.55424
17787,-122.502425,37.738865999999994
17811,-122.070669,37.879252
17821,-122.61116799999999,38.256775
17823,-122.700529,38.421477
17824,-120.328824,38.244815
17829,-121.88258,37.8051
17839,-122.02251299999999,37.852923
17841,-122.48633799999999,38.514392
17863,-122.278251,37.911072999999995
17867,-122.33225700000001,37.555994
17879,-122.280856,37.527770000000004
17895,-122.01383999999999,37.538063
17901,-122.25997199999999,37.502577
17927,-122.272379,37.817864
17929,-122.193653,37.821816
17931,-122.614967,38.225245
17937,-122.53558100000001,38.076515
17939,-122.454752,37.762306
17951,-122.44280400000001,37.773831
17954,-122.078655,37.364801
17961,-122.588001,37.978765
17965,-121.79828,37.661943
17975,-122.751822,38.419228000000004
17977,-122.20781699999999,37.3835
18263,-121.89096,37.307941
18281,-122.247577,37.854392
18287,-122.279214,37.877966
18289,-122.61633,38.399774
18291,-122.857398,38.314640000000004
18293,-121.29016200000001,38.148781
18297,-122.06222199999999,37.354279
18299,-122.011296,37.251065999999994
18331,-122.406228,37.684063
18395,-121.98333600000001,37.281671
18397,-121.589467,37.140147
18399,-122.029619,37.016156
18401,-122.359553,37.58432
18405,-121.83766899999999,37.215709000000004
18431,-121.58963100000001,37.138314
18435,-122.007107,37.962309000000005
18439,-122.533193,37.932992999999996
18443,-122.34573600000002,37.235676
18447,-122.64352099999999,38.22234
18449,-122.861296,38.625273
18451,-121.981728,37.269712
18453,-122.094293,37.903807
18455,-121.935926,37.244591
18463,-122.155896,37.465501
18471,-122.090245,37.38584
18473,-121.78133500000001,37.654211
18475,-122.27703400000001,37.910804999999996
18481,-122.47873999999999,37.505614
18491,-122.339766,37.912676
18493,-121.974928,37.707811
18495,-122.097113,37.402761
18497,-121.97223000000001,36.968868
18503,-122.349604,37.522539
18505,-122.02135,37.355452
18507,-122.456379,38.320586999999996
18509,-121.879575,37.792997
18511,-122.46614699999999,38.287862
18517,-121.16261899999999,38.661194
18523,-121.97956299999998,37.226434999999995
18527,-122.01643899999999,37.849896
18531,-122.06036,37.330278
18539,-122.13085600000001,37.752743
18545,-121.89806200000001,37.106406
18549,-122.646216,38.57524
18551,-122.881133,38.3781
18553,-122.039484,37.522003000000005
18561,-121.83396,36.591409000000006
18563,-121.887826,37.300062
18565,-122.294595,37.524295
18569,-120.8374,37.495998
18673,-122.54753999999998,38.019890999999994
18677,-122.687499,38.456483
18685,-121.030348,38.678371000000006
18689,-121.10378,38.691501
18691,-120.83008500000001,38.709064
18697,-121.069826,38.679221000000005
18705,-120.953116,38.607339
18709,-120.86373,38.618635
18715,-120.9436,38.6433
18719,-120.69541399999999,38.800782
18723,-120.726122,38.574932000000004
18725,-121.983259,37.28911
18731,-122.15776799999999,37.16975
18735,-122.283616,37.891721999999994
18737,-122.07081000000001,37.312502
18753,-122.535234,37.832287
18755,-122.079578,37.906892
18773,-122.538351,37.916187
18781,-122.652584,38.371379
18787,-122.00024499999999,37.812756
18793,-122.065496,37.57683
18819,-121.49314,38.56845
18825,-121.493049,38.568445000000004
18827,-121.49313000000001,38.568478999999996
18831,-121.4932,38.5685
18835,-121.49321,38.568401
18841,-121.493151,38.568445000000004
18847,-122.085003,37.894061
18851,-121.49321,38.56845
18857,-121.493191,38.568366
18861,-122.41456299999999,37.754275
18865,-121.49319399999999,38.568391
18867,-121.493195,38.568451
18869,-121.493151,38.568433
18871,-121.4932,38.5685
18873,-121.49313000000001,38.568416
18877,-122.014256,37.143256
18879,-121.4932,38.5685
18883,-121.97856399999999,37.297088
18885,-122.746269,38.489847
18891,-122.52686899999999,38.112731
18903,-122.46551200000002,37.737107
18905,-122.266577,37.542646999999995
18907,-122.531617,37.875538
18911,-122.57391299999999,38.091625
18913,-121.38833600000001,38.787217999999996
18915,-122.08105,37.423089000000004
18917,-122.966311,38.369153999999995
18921,-121.875926,37.798056
18933,-122.383036,37.673590999999995
18939,-122.13781399999999,37.390916
18967,-121.99954699999999,37.350272
18971,-122.729424,38.419733
18975,-122.77950200000001,38.525402
18985,-122.70097,38.319839
18987,-122.0281,37.5625
18991,-122.302047,37.913986
18995,-122.20921499999999,37.365491999999996
18997,-122.204742,37.808174
18999,-122.468675,37.800395
19001,-122.688225,38.418706
19017,-121.490344,38.587388
19025,-122.066802,37.709978
19027,-122.686539,38.349462
19031,-121.872809,37.646285
19037,-122.386526,37.431422
19039,-122.496655,37.907563
19047,-122.040826,37.360932
19048,-121.14033,38.778302000000004
19053,-122.20918400000001,37.43744
19054,-122.158072,37.415962
19063,-121.96063500000001,37.227672999999996
19065,-122.088057,37.357040999999995
19066,-122.40821899999999,37.759784
19069,-122.415075,37.74154
19073,-122.582004,37.982943
19075,-122.752618,38.509665000000005
19077,-121.78264399999999,37.412659000000005
19079,-122.2643,38.123292
19151,-122.251834,37.56081
19153,-122.430259,37.773312
19155,-122.294583,37.874161
19157,-122.109431,37.420196999999995
19159,-122.50288799999998,37.763555
19167,-122.017445,37.332572
19171,-122.25510200000001,37.439847
19185,-122.127412,37.449073999999996
19189,-122.42031200000001,37.750941
19191,-122.535339,37.901623
19201,-122.255917,37.471778
19211,-121.885143,36.967334
19245,-122.237835,37.857797
19249,-123.367333,38.717721999999995
19257,-122.067546,37.061959
19259,-122.513948,38.342182
19263,-121.927769,36.550024
19265,-122.225499,37.288671
19273,-122.20937099999999,37.821156
19275,-122.23086799999999,37.823653
19281,-122.42865,38.33677
19283,-121.07704199999999,38.645336
19287,-122.475397,37.715594
19289,-122.45200200000001,37.625129
19293,-122.16416399999999,37.44948
19297,-122.491129,37.855623
19299,-122.23806200000001,37.766932000000004
19301,-122.227502,37.822138
19303,-122.23941699999999,37.389086
19305,-120.455168,38.175774
19313,-121.973897,37.340672999999995
19317,-122.07755300000001,37.397397
19319,-122.476848,37.50727
19323,-122.26722,37.505256
19331,-122.044168,36.95179
19333,-120.276575,38.291638
19335,-122.482905,37.785605
19339,-121.75004799999999,38.572448
19349,-121.893515,37.635647999999996
19351,-122.97496100000001,38.516228000000005
19353,-122.111852,37.413407
19357,-122.135345,37.674611
19359,-121.936282,37.794610999999996
19361,-122.29093799999998,37.908157
19363,-121.116126,38.677251
19373,-121.91590900000001,37.47319
19375,-122.256427,37.509095
19379,-122.03456000000001,38.500465999999996
19385,-120.402169,37.880126000000004
19387,-121.734684,37.687519
19389,-122.059844,37.362667
19391,-122.17907199999999,37.460953
19393,-122.262134,38.032128
19403,-121.367871,37.983569
19407,-122.03839099999999,37.344874
19415,-122.87048899999999,38.487637
19421,-122.30852,37.54914
19423,-120.860454,38.100134000000004
19425,-122.054783,37.228229
19431,-122.478187,38.313245
19433,-122.435572,37.767306
19437,-121.94558700000002,36.985827
19439,-122.478477,38.316874
19457,-121.95652,36.985896000000004
19461,-121.84965700000001,37.213375
19463,-122.02636000000001,36.978275
19471,-122.263675,37.775501
19479,-122.045507,37.682596999999994
19481,-122.19513700000002,37.452156
19491,-121.109205,37.471087
19495,-122.81604499999999,38.452419
19497,-121.84056899999999,37.196019
19507,-121.850978,37.202896
19509,-122.1643,37.7707
19511,-121.93794199999999,37.334423
19515,-122.539096,37.959368
19529,-122.494479,37.905476
19533,-122.463027,37.59145
19535,-122.53497800000001,37.900104999999996
19547,-120.41253600000002,38.164716
19565,-123.431334,38.686787
19571,-122.043906,37.868946
19573,-122.09781100000001,37.355683
19577,-122.066061,37.318494
19581,-122.051772,37.899223
19585,-121.55958999999999,37.007228000000005
19591,-122.150155,37.450446
19593,-122.476657,37.684708
19595,-121.342106,38.464713
19599,-122.215822,37.790964
19605,-122.827528,38.070108000000005
19613,-122.02869399999999,37.65457
19627,-121.99570800000001,37.258140999999995
19629,-122.02201799999999,37.651162
19633,-122.11873,37.401951000000004
19635,-121.91910800000001,37.952089
19639,-122.02849599999999,37.348147999999995
19647,-122.4488,37.875
19649,-122.7946,38.546907
19657,-122.415481,37.774009
19664,-122.236322,37.794234
19669,-122.15798999999998,37.050602000000005
19671,-122.42057700000001,37.783122
19677,-122.134381,37.863801
19681,-121.88700700000001,37.281141999999996
19683,-122.000425,37.542087
19691,-121.99477900000001,37.197926
19693,-122.24808300000001,37.869305
19701,-121.935948,37.503329
19705,-122.483443,37.619475
19711,-122.40984099999999,37.740306
19719,-122.04737,37.085359000000004
19727,-122.488731,37.788548
19733,-121.81201000000001,36.924263
19735,-122.27013899999999,38.11898
19743,-122.86809699999999,38.431437
19747,-122.660926,37.908194
19767,-121.522244,37.031554
19777,-121.956686,37.81351
19855,-122.407096,37.613531
19977,-121.82678600000001,37.276076
19979,-121.761449,37.970318
19983,-122.03983899999999,37.581177000000004
19987,-121.828434,37.205952
19993,-122.026201,37.330290000000005
19997,-122.463027,37.743821000000004
19999,-122.265519,37.874381
20001,-121.945299,37.261774
20003,-122.283098,37.508826
20005,-122.23986200000002,37.541444
20009,-121.91333600000002,37.509854
20045,-122.443748,37.75806
20083,-121.75651299999998,38.553883
20085,-121.722082,38.537615
20089,-122.44514199999999,37.751939
20103,-121.747998,38.54803
20113,-122.076509,37.946585999999996
20115,-122.13170900000001,37.41182
20119,-122.48632099999999,37.592318
20123,-121.981743,37.237646999999996
20127,-122.52976899999999,37.958178000000004
20139,-120.236282,37.956540999999994
20141,-122.14178400000002,37.412426
20143,-122.05741599999999,37.534075
20145,-122.114552,37.408103999999994
20149,-121.756042,37.665760999999996
20153,-121.48536899999999,38.632228999999995
20155,-122.08704399999999,37.365009
20157,-121.816953,37.271559
20159,-122.29012900000001,37.526583
20163,-122.006072,36.990821000000004
20165,-122.072571,37.386165000000005
20171,-121.99781899999999,37.310435
20175,-122.42756200000001,37.790083
20179,-122.429299,37.7333
20183,-122.72336399999999,38.46342
20187,-122.15768100000001,38.055033
20193,-122.238874,37.464178000000004
20197,-121.472407,38.54315
20199,-122.55270700000001,38.321898
20203,-122.42131299999998,37.740188
20209,-122.387267,37.57804
20217,-121.992069,37.358115999999995
20235,-121.777561,37.655282
20383,-121.90174099999999,37.101729
20413,-121.958468,37.752584999999996
20469,-121.980853,37.265492
20473,-122.161188,37.471367
20479,-122.79339399999999,38.266913
20499,-122.54036799999999,37.893415999999995
20501,-122.40620600000001,37.799105
20503,-122.071995,37.323322
20505,-122.542599,37.88089
20513,-122.00068,37.346752
20515,-122.52801299999999,37.92285
20519,-122.267627,37.818874
20527,-122.04795800000001,37.242059999999995
20543,-122.319842,37.571381
20547,-121.91303899999998,37.647541
20565,-121.9931,37.536235
20573,-122.12806200000001,37.246199
20589,-122.0381,37.856308
20593,-122.52476399999999,37.878671000000004
20601,-122.09431200000002,37.406940999999996
20609,-122.05363200000001,37.283338
20627,-122.040101,37.351214
20659,-121.95067399999999,37.133126000000004
20707,-122.26392299999999,37.49457
20709,-122.436945,37.751396
20721,-122.415778,37.746024
20723,-122.11006699999999,37.376152000000005
20725,-123.012359,38.464801
20727,-122.70586999999999,38.318785999999996
20737,-122.395944,37.66474
20741,-121.958927,37.219705
20747,-122.20548899999999,37.838977
20757,-121.765405,37.31086
20773,-121.426328,38.563226
20779,-121.424621,38.559242
20781,-122.25057,37.816327
20785,-122.43354099999999,37.743789
20799,-122.320788,38.234218
20801,-122.25286000000001,37.493814
20821,-121.421278,38.560556
20857,-122.161926,37.411654999999996
20867,-122.433376,37.744437
20873,-121.860703,37.407719
20881,-122.094043,37.862023
20883,-122.10211299999999,37.907833000000004
20901,-122.54866200000001,38.004641
20905,-122.510728,37.541548
20911,-121.890997,37.443315000000005
20919,-122.326669,38.310608
20951,-122.19466200000001,37.799267
20971,-122.660975,38.439886
20989,-122.44264299999999,37.749031
20997,-122.43219599999999,38.289651
21055,-122.0994,37.3816
21057,-122.276063,37.881502000000005
21071,-122.543301,38.040707
21101,-121.98953799999998,37.817186
21117,-121.29064699999999,38.262513
21227,-122.439067,37.739245000000004
21235,-122.473097,37.912085
21247,-123.05743899999999,38.486367
21251,-122.20528999999999,37.890574
21269,-122.44283999999999,37.757645000000004
21285,-122.18901399999999,37.821433
21313,-121.787872,37.668690000000005
21351,-122.495327,37.905349
21353,-122.04667099999999,38.494937
21361,-123.05211399999999,38.311432
21371,-122.566461,38.085761
21399,-122.580269,38.582994
21423,-122.09864499999999,37.298008
21427,-122.42096599999999,37.622587
21431,-122.135733,37.440515000000005
21435,-122.424406,37.760688
21439,-122.127785,37.416585999999995
21443,-122.400426,37.752328999999996
21449,-122.02985600000001,37.268365
21455,-122.22798799999998,37.840149
21465,-122.129842,37.714628000000005
21475,-122.532117,37.900687
21597,-122.49626299999998,37.747886
21613,-121.49316,38.56841
21629,-122.256524,37.852592
21643,-122.171401,37.904548
21707,-122.44967,38.316521
21713,-122.639699,38.373605
21723,-122.43038100000001,37.738502000000004
21733,-122.07360800000001,37.357883
21753,-121.49316,38.56841
21783,-122.26312800000001,37.900659999999995
21787,-121.49316,38.56841
21789,-122.111423,37.431432
21845,-121.99555600000001,37.227533
21851,-122.356362,37.5599
21887,-122.042891,36.967366
21912,-122.277069,38.091162
21942,-122.349272,37.913431
21967,-121.94622,37.229966
21994,-122.693995,38.571308
22033,-121.427012,38.538361
22035,-122.09089099999998,37.337196
22037,-122.16676799999999,37.415479
22049,-121.68585300000001,38.548997
22051,-122.443274,37.732328
22053,-122.068877,37.342855
22063,-122.17310900000001,37.864549
22067,-122.23266699999999,37.816115
22071,-122.70471599999999,38.328014
22077,-122.543881,38.106621999999994
22079,-122.268781,37.88482
22095,-122.19496000000001,37.0116
22099,-122.50586899999999,37.910387
22287,-122.41813300000001,37.73547
22311,-122.404022,37.759568
22319,-122.276404,37.894921999999994
22337,-122.53563600000001,37.904114
22343,-122.432796,37.755615
22351,-122.24969899999999,37.888655
22353,-120.643571,38.716049
22357,-122.42136599999999,37.756303
22363,-122.564328,37.987522999999996
22399,-122.92229099999999,38.644137
22407,-122.39195900000001,37.600377
22421,-122.211381,37.375958000000004
22423,-122.223697,37.813842
22445,-122.908468,38.49889
22451,-122.155216,38.079625
22453,-121.94193200000001,37.33104
22455,-121.900775,37.012112
22459,-122.47228999999999,38.50784
22461,-122.00888700000002,37.313562
22463,-122.256427,37.874157000000004
22471,-121.911134,37.490955
22475,-122.08830400000001,37.383434
22481,-121.54710800000001,37.18671
22489,-122.28578600000002,37.813609
22493,-122.27845900000001,37.884362
22499,-122.47888,37.894022
22509,-122.68609,38.013163
22513,-121.761177,37.228788
22515,-122.011261,37.86547
22523,-122.430673,37.744825
22667,-121.73574099999999,37.336033
22755,-122.23153799999999,37.45323
22873,-122.44277,37.727140000000006
22879,-122.270969,37.840561
22883,-122.25345800000001,38.016782
22945,-122.148725,37.447599
22961,-122.765216,38.367684000000004
22963,-122.164699,37.46546
22989,-122.442392,37.772098
23061,-122.255247,37.848011
23065,-122.70924,38.462853
23083,-122.440343,37.72723
23085,-122.54823300000001,37.880357000000004
23095,-121.60414899999999,37.026369
23121,-122.42139099999999,37.746178
23189,-121.11470600000001,37.742403
23195,-122.532155,37.928428000000004
23279,-122.008243,37.371788
23311,-122.17586200000001,38.062702
23349,-122.139443,37.965005
23353,-122.743261,38.449005
23387,-120.61641200000001,37.365826
23475,-121.814062,37.268325
23595,-122.10677700000001,37.897395
23597,-122.259197,38.09737
23625,-122.426221,37.725097999999996
23793,-120.43945900000001,36.793009000000005
23811,-122.72299199999999,38.556641
23915,-122.02718,37.7374
23923,-122.149826,37.452451
23927,-122.41321299999998,37.747370000000004
23931,-121.929027,36.544346000000004
23933,-122.15232900000001,38.071981
23965,-122.25600700000001,37.85431
24011,-122.276467,37.472014
24201,-121.77031799999999,37.974692
24223,-122.38976100000001,37.782088
24227,-122.731719,38.303071
24263,-122.40841999999999,37.758468
24289,-122.016926,37.870732000000004
24573,-122.10548500000002,37.705534
25241,-121.53641499999999,38.608940000000004
25289,-122.061176,37.714324
25295,-121.978008,37.283046999999996
25301,-122.28668400000001,37.486678999999995
25369,-122.63131299999999,38.239453000000005
25407,-122.784865,38.360831
25451,-123.00691499999999,38.388518
25471,-122.083475,37.883125
25487,-121.41821000000002,38.632532
25489,-122.55043899999998,38.012969
25491,-121.46324399999999,38.562917999999996
25507,-121.73316100000001,38.552277000000004
25745,-122.26780500000001,37.840302
25759,-120.32037199999999,38.019748
25775,-122.206901,37.842023
25781,-122.139329,37.453737
25805,-122.136804,37.437511
25849,-123.08556899999999,38.531809
25997,-122.07918799999999,37.078103999999996
26005,-121.762651,36.662758000000004
26029,-122.277069,37.80608
26079,-121.48916299999999,38.579225
26159,-121.753307,38.536295
26193,-122.17076999999999,37.908064
26231,-122.2403,37.8478
26325,-122.08599699999999,37.098261
26353,-122.43946299999999,37.761385
26363,-122.78991599999999,38.348339
26379,-122.63115900000001,38.224677
26405,-121.333036,38.542459
26499,-121.49193400000001,38.553160999999996
26589,-122.0728,37.362438
26645,-122.043304,38.264776
27085,-120.368784,37.982238
27135,-122.22703899999999,37.802392
27147,-121.890406,36.962303999999996
27229,-122.558356,37.959447999999995
27231,-122.45215900000001,37.760915999999995
27237,-122.157549,38.057390000000005
27333,-122.108574,37.354812
27359,-122.30108899999999,37.872039
27609,-121.94101699999999,37.927607
27631,-121.94056599999999,37.927002
27723,-121.940251,37.929248
27771,-121.940731,37.928971000000004
27787,-122.761556,38.43631
27923,-121.935217,37.218785
27983,-122.54963300000001,37.879278
27985,-122.18715700000001,37.72885
28299,-122.0467,36.958816999999996
28325,-122.70145500000001,38.242328
28379,-121.395556,38.518277000000005
28391,-121.394648,38.518260999999995
28487,-121.987149,38.245977
28633,-122.067102,37.321227
28645,-122.344101,37.530934
28667,-121.886707,37.255357000000004
28669,-122.48011399999999,37.781653000000006
28697,-121.301402,38.627738
28705,-122.34213500000001,37.528511
28729,-122.345913,37.529963
28805,-122.342751,37.530772999999996
28897,-122.34183300000001,37.531145
28899,-122.34043799999999,37.530592
28965,-122.658777,38.053025
29349,-121.659443,36.905454999999996
29825,-121.96261499999999,37.229162
30051,-120.372773,38.231873
30151,-120.998883,38.699777000000005
30189,-122.28666799999999,37.872585
30317,-121.40811399999998,36.838848999999996
30499,-122.58356200000001,38.428656
30609,-122.033778,37.812168
31155,-122.471698,38.363737
31189,-121.974871,37.224512
31237,-122.24606999999999,37.801126000000004
31539,-121.810943,37.981998
31629,-121.43120900000001,38.54755
31837,-122.274253,38.335658
32123,-121.98428500000001,37.973701
32547,-122.679051,38.341072
32551,-122.207355,37.895736
32985,-122.084106,37.396726
33009,-122.319823,37.948208
33021,-122.82774599999999,38.583177
33043,-122.690937,38.447415
33045,-122.42143899999999,37.771002
33049,-122.44800900000001,37.764131
33059,-122.221903,37.50047
33063,-122.501451,37.885134
33081,-121.38987,38.567654
33103,-122.7074,38.445949
33122,-121.985307,37.577625
33131,-121.968383,37.31378
33135,-121.940349,37.33265
33155,-122.144168,37.454564000000005
33157,-121.844321,37.336608
33313,-122.42416100000001,37.745576
33463,-122.047909,37.402108
33505,-122.242701,37.874842
33609,-122.047517,37.401369
33633,-122.44696699999999,37.791905
33635,-121.212204,38.679845
33647,-122.061985,37.955585
33725,-121.42834599999999,38.551951
33741,-122.02438500000001,37.347836
34031,-120.39119699999999,37.978879
34037,-120.308943,37.964249
34103,-122.14053,37.828804
34125,-121.907924,36.617835
34127,-122.455405,37.628665999999996
34161,-122.387161,37.766008
34167,-122.24188600000001,37.853929
34191,-122.232748,37.831047
34209,-122.21255900000001,37.827335
34219,-122.01293799999999,37.296758000000004
34241,-121.547927,38.49075
34251,-122.12983100000001,37.401608
34269,-122.53453700000001,37.917316
34271,-122.15113600000001,37.358540999999995
34275,-122.47084699999999,38.50292
34401,-122.158901,37.454057
34445,-122.22688799999999,38.106747
34485,-122.250092,38.14026
34505,-122.035808,37.372934
34523,-122.26841100000001,37.532488
34563,-120.61864299999999,38.697868
34583,-122.136801,38.175546000000004
34589,-121.98933999999998,37.23261
34631,-122.400226,37.587292
34637,-122.000405,37.843247
34711,-122.204843,37.799123
34719,-122.550802,37.89715
34729,-121.989051,37.365699
34733,-121.87638100000001,37.646206
34735,-121.971667,37.33113
34871,-121.94601899999999,37.287863
34885,-122.282758,37.858841999999996
34895,-122.464335,37.868264
34923,-122.195203,37.783512
34947,-122.282653,37.865936
34975,-122.118851,37.645454
34987,-121.81271000000001,37.295241
34993,-122.56601200000001,37.922409
35013,-122.284322,37.77325
35021,-122.67353200000001,38.333754
35023,-122.10161699999999,37.362466999999995
35029,-122.10738700000002,37.381357
35051,-121.35667,38.507616
35085,-122.09726200000001,37.410002
35401,-122.27963600000001,37.484795
35433,-122.38942,37.759478
35749,-121.964355,37.225001
35809,-122.421696,37.761134000000006
35865,-122.0033,37.2623
35883,-122.116638,37.371887
35999,-122.39496299999999,37.596470000000004
36035,-122.48593799999999,37.747248
36109,-122.01702900000001,37.831478000000004
36111,-122.19310300000001,37.758076
36153,-122.163385,37.827669
36159,-122.24162,37.758520000000004
36163,-122.249572,37.428957000000004
36171,-122.122052,37.403687
36175,-122.538917,37.989275
36195,-122.126269,37.867958
36199,-122.04397900000001,37.525015
36217,-122.345307,37.578544
36267,-122.468896,37.509091999999995
36309,-122.346841,37.46249
36327,-122.27051499999999,37.804442
36343,-122.033207,37.360408
36351,-122.081814,37.400434999999995
36355,-122.187804,37.442488
36377,-122.11738899999999,38.290533
36381,-122.421555,37.750386
36453,-122.9945,38.4782
36475,-122.063775,38.274473
36501,-122.26451499999999,37.85525
36513,-122.54373600000001,37.883070000000004
36521,-121.9176,37.2725
36529,-122.43989499999999,37.780077
36555,-122.39240900000001,37.571834
36559,-121.622324,36.75225
36603,-121.97227600000001,37.250901
36611,-122.23945900000001,37.732043
36619,-122.13436200000001,37.083696999999994
36641,-122.533124,37.888413
36653,-122.287687,37.767353
36661,-122.52682800000001,37.919844
36667,-122.28706000000001,37.496935
36715,-122.16646200000001,37.377590999999995
36727,-122.229822,37.478128000000005
36829,-122.031126,37.891803
36989,-122.175,37.4459
36991,-122.11961299999999,37.382199
36995,-122.20658200000001,37.436088
36997,-122.07570600000001,37.371134000000005
37003,-122.05946499999999,37.380978999999996
37011,-122.19936100000001,37.43797
37021,-122.255354,37.491172
37025,-122.253082,37.875921000000005
37035,-122.44616599999999,37.800145
37059,-121.924881,37.257847999999996
37061,-121.94244099999999,37.310033000000004
37069,-122.06193799999998,37.722659
37077,-122.16824199999999,37.446829
37079,-122.11975,37.812340999999996
37081,-122.425023,37.759338
37087,-122.266139,38.12576
37093,-122.041973,37.353318
37103,-121.91627199999999,37.669086
37109,-122.078453,37.695533000000005
37113,-122.19176599999999,37.453373
37121,-122.4308,37.77074
37123,-122.29151200000001,37.850136
37133,-122.232977,37.814547999999995
37141,-122.448503,37.78905
37143,-122.43327,37.773392
37145,-122.473698,37.742314
37149,-122.27855600000001,37.832603999999996
37223,-122.01528,37.875196
37227,-122.16711200000002,37.379526
37257,-122.03719099999999,37.677302000000005
37289,-122.070394,37.316486
37297,-122.16405800000001,37.460442
37309,-122.048847,37.922443
37311,-122.267255,37.767346999999994
37339,-122.18856299999999,37.798140999999994
37343,-122.24523400000001,37.478294
37345,-122.285975,37.883907
37347,-122.02225,37.876577000000005
37351,-122.40279199999999,37.755728000000005
37365,-121.730349,38.555033
37393,-122.46713000000001,38.493769
37447,-122.01558700000001,37.94273
37455,-122.09925600000001,37.351146
37475,-122.100482,37.412176
37479,-122.509772,37.921164000000005
37485,-121.869227,37.332121
37491,-122.240903,37.820986
37493,-122.97591000000001,38.402838
37515,-122.64286499999999,38.236354
37521,-122.015289,37.399544
37537,-121.23468100000001,38.669021
37583,-122.21139199999999,38.110764
37621,-122.41958000000001,37.757838
37671,-122.178238,38.145723
37673,-121.841645,37.711723
37693,-122.28284,37.789079
37697,-122.192829,37.454012
37703,-122.26319099999999,37.563613000000004
37711,-121.209755,37.830603
37713,-122.12414799999999,37.380471
37721,-122.387768,37.761571999999994
37733,-122.15599499999999,37.366548
37771,-122.138213,37.437032
37849,-122.155648,37.44448
37859,-121.890406,37.752013
37881,-122.18326599999999,37.883919
37909,-122.425298,37.777259
37935,-122.497308,37.759311
37937,-122.028122,37.714068
37949,-122.089027,37.382827
37953,-122.130303,37.422951
37971,-122.29036200000002,37.883728999999995
37991,-122.27951499999999,37.485013
38063,-122.21753500000001,38.056146000000005
38075,-122.38553999999999,37.598420000000004
38085,-122.192273,37.420635
38179,-122.497421,37.760821
38193,-122.18971200000001,37.789556
38295,-121.853952,37.283553000000005
38309,-122.267528,37.879034999999995
38337,-121.0946,38.662963
38341,-122.120283,37.269815
38357,-122.231858,38.074034999999995
38371,-122.24815500000001,37.820097
38387,-122.139199,37.057676
38401,-122.08124099999999,37.35577
38405,-122.09124299999999,37.354996
38415,-122.23740900000001,38.149915
38429,-122.252202,38.094574
38459,-122.699825,37.930397
38467,-122.252696,38.135909000000005
38471,-122.077031,37.966479
38473,-122.83111799999999,38.556477
38479,-122.97333300000001,38.433401
38481,-122.045911,37.637139000000005
38503,-122.16034199999999,38.045654
38507,-122.115144,38.002165000000005
38509,-122.46826899999999,38.537874
38535,-122.432644,37.794771000000004
38547,-122.048999,37.256496999999996
38549,-122.46308799999998,37.727878000000004
38567,-121.836782,37.344736
38569,-122.49683,38.501113000000004
38575,-122.464802,37.866875
38577,-122.433174,37.775090000000006
38589,-122.41648,37.665334
38599,-122.184896,37.881153999999995
38607,-122.079714,37.390648999999996
38613,-122.190473,37.820269
38619,-122.387318,37.927291
38641,-122.219792,37.374996
38665,-122.132952,37.445778999999995
38683,-122.286648,37.783801000000004
38689,-122.041734,37.383435999999996
38693,-122.12566899999999,37.419693
38695,-121.90212700000001,37.312509999999996
38699,-122.436299,37.737297999999996
38723,-122.05878,37.604538
38745,-122.390794,37.75884
38763,-122.508661,38.014216999999995
38791,-122.43093999999999,37.742312
38815,-121.394695,38.518285
38817,-122.460624,38.295010999999995
38825,-122.470106,37.773431
38831,-121.50210600000001,38.572851
38847,-122.537349,37.894637
38849,-122.22444899999999,37.777848
38851,-122.56035200000001,37.905495
38867,-122.13653000000001,37.380604999999996
38887,-122.82164499999999,38.391391
38889,-121.89163700000002,37.260459000000004
39005,-121.915833,37.717837
39013,-122.425684,37.769139
39051,-122.280267,37.844685
39089,-122.081254,37.577776
39157,-121.842863,37.719334
39171,-121.925215,37.719487
39197,-121.886701,37.709998
39199,-122.48544299999999,38.322289000000005
39227,-121.974869,37.83834
39255,-121.96080500000001,37.247715
39489,-122.122599,37.251546999999995
39609,-122.44367,37.753377
39623,-122.508335,37.779038
39655,-122.159601,38.08549
39657,-122.11865300000001,37.417749
39661,-121.929179,37.311455
39663,-122.23916899999999,37.853695
39665,-122.17025600000001,38.062979999999996
39667,-122.176472,38.083575
39685,-122.13372199999999,37.429499
39717,-122.15163000000001,38.050551
39743,-122.146933,38.059143
39745,-122.172851,38.069053000000004
39753,-121.927623,37.319846999999996
39757,-122.215399,37.451219
39761,-122.28131,37.51848
39763,-122.17408400000001,38.065436
39801,-122.140272,37.434115000000006
39901,-122.300785,37.928112
40059,-122.269402,37.834066
40065,-122.08923,37.370942
40071,-122.010976,37.404810999999995
40075,-122.297348,37.891433
40089,-122.343804,37.529831
40101,-122.443859,37.745290999999995
40123,-122.24256299999999,37.385282000000004
40127,-122.59053899999999,38.384093
40141,-122.645389,38.266185
40169,-122.64799099999999,38.275457
40239,-122.14743200000001,37.428756
40249,-122.187852,37.381571
40351,-122.873616,38.640544
40399,-122.897276,38.373740000000005
40401,-121.99492,37.151785
40471,-122.43863200000001,37.732176
40491,-122.51433,37.893208
40569,-122.510057,37.990522999999996
40695,-122.26348999999999,37.85318
40723,-122.136875,37.88941
40731,-121.998342,37.36073
40757,-122.07906000000001,37.347471
40763,-122.56291,37.953623
40769,-122.27669099999999,37.864771000000005
40779,-121.958676,37.826674
40795,-122.29583600000001,37.86735
41393,-121.92652700000001,37.294740000000004
41399,-122.171761,37.740398
41447,-122.219821,37.484747
41461,-122.261478,37.494596
41485,-122.11098100000001,37.431551
41503,-122.163394,37.76719
41529,-122.377455,37.828848
41553,-122.58430800000001,38.123096999999994
41769,-122.42458799999999,37.745421
41915,-121.78409099999999,37.658549
41951,-122.07616399999999,37.055912
42003,-122.105746,37.988603000000005
42129,-120.373776,38.231994
42255,-121.03959099999999,37.678725
42299,-121.09523899999999,37.709088
42453,-122.233791,37.468668
42861,-121.754295,37.151685
42909,-122.12563300000001,37.376258
42967,-122.161778,37.048026
43041,-121.94645600000001,37.107619
43291,-122.10793100000001,37.989512
43407,-122.50442,37.751562
43615,-122.054069,37.340139
43641,-122.095211,37.858621
43787,-122.179825,38.065944
43871,-122.159826,37.356761999999996
43881,-122.140627,37.43091
44047,-122.705246,38.481742
44055,-122.435686,37.766277
44085,-122.602577,38.115152
44089,-122.435321,37.769415
44091,-121.87298999999999,37.652101
44101,-121.87274099999999,37.674017
44255,-122.24940900000001,37.966681
44279,-122.00058999999999,37.284884000000005
44289,-122.258665,37.882466
44367,-122.062924,37.675724
44677,-122.49713999999999,37.780317
44721,-122.295201,37.868520000000004
44911,-122.02806799999999,37.266911
45739,-122.866752,38.62931
45905,-122.200071,38.068449
46127,-122.194019,37.789854999999996
46193,-121.989379,37.302193
46219,-122.099511,37.643506
46331,-122.19868100000001,37.777814
46333,-122.10088300000001,37.413127
46457,-122.612673,38.103667
46463,-121.93656899999999,37.319834
46465,-122.05067700000001,37.104334
46475,-122.22675100000001,37.485859000000005
46485,-122.48266100000001,37.995779
46639,-122.13731100000001,37.412078
47159,-122.135201,37.442278
47161,-122.462756,38.28752
47307,-122.226,38.0805
47371,-122.220169,37.778439
48045,-120.38633100000001,38.034405
48067,-122.14820800000001,37.733035
48151,-122.08263999999998,37.946675
48229,-122.14769299999999,37.456501
48975,-122.015404,37.826431
49273,-123.341719,38.656863
49351,-122.33775,37.572236
49397,-122.307429,37.56612
50371,-121.878464,37.371373
50457,-122.72253300000001,38.480506
50583,-122.79066599999999,38.511115999999994
50785,-122.008602,37.311689
50933,-122.304957,37.887733000000004
51059,-122.269879,37.462821000000005
51159,-121.75748200000001,38.694792
51299,-122.413597,37.744755
51301,-122.427177,37.774916
51587,-121.87846200000001,37.264410999999996
51881,-122.72124099999999,38.338752
52819,-122.459993,37.777203
52841,-122.42171100000002,37.792776
52847,-122.41885900000001,37.734658
52861,-122.036645,37.929628
52995,-122.254034,37.813261
53003,-121.751015,37.169358
53113,-122.502647,38.012828999999996
53125,-122.17674099999999,37.444782000000004
53135,-122.221694,37.845775
53139,-122.514182,37.540665999999995
53149,-122.461469,37.699478000000006
53217,-122.25264399999999,37.482692
53219,-122.14838700000001,37.789845
53229,-122.26393300000001,38.305732
53253,-122.56586000000001,37.901159
53269,-122.414157,37.751554
53299,-121.943754,37.334896
53315,-122.635795,38.469021999999995
53345,-121.410774,38.562821
53391,-122.00417900000001,37.364849
53395,-122.65414399999999,37.90354
53401,-122.069121,37.350387
53411,-122.693458,38.352554
53423,-122.428009,37.776319
53449,-122.19745900000001,38.125531
53459,-122.013269,37.205637
53463,-122.25594099999999,37.847775
53479,-120.286953,38.290152
53485,-122.28834199999999,37.539726
53491,-122.228807,37.86159
53501,-122.238059,37.840959000000005
53503,-121.863221,36.580213
53509,-122.579778,38.032486
53513,-121.531107,38.542398999999996
53515,-122.255646,37.847699
53517,-122.06673,37.89947
53551,-121.26406599999999,38.716656
53601,-122.073907,37.965005
53661,-122.684067,38.042764
53665,-121.93181200000001,37.337021
53705,-122.52253300000001,38.366182
53829,-122.37988200000001,37.912653999999996
53863,-122.491252,37.84885
53877,-121.936769,36.990858
53915,-122.575584,37.977011
53917,-122.19731100000001,37.816685
54165,-122.06209,37.383703999999994
54167,-122.43609199999999,37.756155
54169,-121.955927,37.132859
54177,-122.444346,37.762783
54187,-122.584584,38.424225
54189,-121.835637,37.209034
54221,-122.10113899999999,37.414782
54757,-122.421297,37.745878999999995
54831,-122.41315,38.241006
54857,-122.289702,37.485206
55069,-122.19580500000001,37.482812
55071,-121.95243400000001,37.121921
55075,-122.097073,37.962734999999995
55081,-122.274654,37.836428999999995
55095,-121.901214,37.011154
55099,-120.51818600000001,38.097584000000005
55101,-122.454214,37.782835
55131,-122.48663799999999,37.754014
55183,-122.13628200000001,37.733327
55195,-122.40477,37.680446
55197,-122.404656,37.715016
55245,-121.37193899999998,38.588578000000005
55253,-122.584617,38.093745
55279,-122.290679,37.867348
55293,-122.184358,37.466265
55305,-123.26458999999998,38.557275
55323,-122.45384399999999,38.276253999999994
55325,-121.059626,38.692364000000005
55327,-122.273849,37.955294
55413,-122.11271,38.009139000000005
55417,-122.294343,37.90487
55419,-121.762323,37.646113
55437,-122.52448400000002,37.911984999999994
55447,-122.04122199999999,37.690871
55449,-121.927986,37.347178
55453,-122.150994,37.420349
55457,-121.511173,38.486612
55459,-122.264416,37.489175
55461,-122.549127,37.94596
55469,-121.97348400000001,38.018676
55481,-122.43601899999999,37.734234
55501,-121.48398700000001,38.532914
55545,-122.654427,38.2367
55609,-121.930006,37.544813
55617,-122.15043200000001,37.846672
55619,-122.30098999999998,37.908586
55623,-122.473745,37.749753000000005
55637,-121.960654,37.41386
55643,-121.82149299999999,36.966784000000004
55699,-121.91101499999999,36.98682
55703,-122.40486399999999,37.801165000000005
55791,-122.416224,37.792874
55793,-122.16772399999999,37.474990999999996
55803,-122.245543,37.5305
55807,-122.388314,37.736558
55817,-122.297151,37.803884000000004
55819,-121.893048,37.221061999999996
55825,-122.16931399999999,37.452475
55827,-122.15529,37.441905
55829,-121.75116799999999,38.694808
55831,-121.797193,37.228842
55833,-122.19566599999999,37.840678000000004
55871,-122.28661699999999,37.898284000000004
55919,-122.35643400000001,38.269201
55929,-122.405571,37.747194
55933,-122.50553300000001,37.759338
55939,-122.26361100000001,37.439279
55941,-122.25176,37.861773
55943,-122.48871000000001,37.786184000000006
55949,-122.488979,37.898371000000004
55951,-122.462756,37.687517
55961,-122.270519,37.795078000000004
55965,-120.374398,38.240903
55969,-121.719982,37.168655
55973,-121.869551,36.97258
55975,-122.25421000000001,37.863043
55977,-122.37440600000001,37.584691
55981,-122.52755800000001,37.884747
55983,-122.316841,37.515147
55991,-122.218102,37.806287
55995,-122.0608,37.912576
55997,-122.44760500000001,37.732172999999996
55999,-122.34969199999999,37.553615
56005,-122.516171,37.950522
56007,-121.85036299999999,37.322117
56009,-122.31264399999999,37.534258
56011,-122.88058799999999,38.452307
56013,-121.884394,37.352301000000004
56027,-121.976583,38.384638
56033,-121.858515,36.577514
56037,-122.25143100000001,37.530315
56045,-122.21171100000001,37.849675
56069,-122.51513600000001,38.324413
56071,-122.20709699999999,37.840405
56085,-121.849296,37.66424
56089,-122.421172,37.753931
56097,-122.340415,37.530606
56101,-122.56643700000001,37.945271000000005
56241,-122.534181,37.978499
56245,-122.56548500000001,37.865959000000004
56247,-122.05986100000001,37.276362
56251,-122.360422,38.401575
56259,-122.409927,38.29942
56275,-122.041324,37.585102
56281,-122.28297099999999,37.8135
56319,-120.483935,38.136064000000005
56335,-121.493637,38.568346999999996
56347,-122.40133600000001,37.588034
56353,-122.129825,37.451574
56359,-121.493495,38.568343
56361,-121.49356999999999,38.568228000000005
56367,-121.49363400000001,38.56836
56419,-121.493626,38.568413
56425,-121.49348400000001,38.568276000000004
56427,-121.493581,38.56831
56445,-121.49350600000001,38.568335
56461,-122.49753,37.759281
56467,-122.43368999999998,37.797697
56499,-121.49341399999999,38.568301
56513,-121.49341399999999,38.568259000000005
56545,-122.64288300000001,38.237216
56583,-121.49358899999999,38.568478000000006
56619,-121.49353799999999,38.56841
56625,-121.493425,38.568335
56733,-122.33956,37.529423
56743,-121.49348400000001,38.568276000000004
56777,-122.012933,37.296754
56779,-121.739906,38.64675
56853,-122.35468300000001,37.543275
56855,-122.42797,37.751258
56901,-121.667189,37.152937
56929,-122.45598000000001,37.707446000000004
56983,-121.72698899999999,36.971094
56993,-121.94741,37.628252
57015,-122.35178799999998,38.436186
57045,-121.36931000000001,38.566167
57053,-122.20875600000001,37.884796
57069,-122.05347900000001,37.537746000000006
57103,-122.100429,37.405985
57107,-122.328744,37.566188000000004
57127,-122.37076,38.221686
57153,-122.09780500000001,37.34867
57179,-121.78291399999999,37.306490999999994
57273,-122.290475,37.902485
57385,-122.683742,38.234099
57439,-122.720258,38.752235
57485,-121.21224299999999,38.663855
57787,-121.970778,37.558015999999995
57843,-122.34598000000001,37.51805
57863,-121.641472,37.156844
57869,-122.5,37.718
57887,-122.33816200000001,37.516658
57905,-122.345941,37.525625
57937,-122.027722,37.382079
58039,-122.425175,38.273897999999996
58085,-121.46656599999999,38.568152000000005
58087,-121.439086,38.56545
58099,-121.565675,38.526624
58101,-121.574707,38.525698
58105,-121.54774099999999,38.544373
58107,-121.457422,38.55303
58671,-122.15206299999998,37.949269
58715,-121.493178,38.568445000000004
58717,-121.49391399999999,38.567935999999996
58743,-122.3379,37.58231
58755,-122.02784299999999,37.922582
58813,-122.130182,37.888303
58845,-122.635448,38.229996
58855,-122.65003700000001,37.901765000000005
58869,-121.340722,36.337361
58879,-122.73340300000001,38.315692
58883,-122.842453,38.447471
58925,-122.67714199999999,38.32858
58995,-122.329722,37.446111
58997,-121.181325,38.660669
59147,-121.78148799999998,37.419127
59457,-122.33951100000002,37.571002
59749,-122.21646299999999,37.396256
59751,-122.170698,37.473163
59859,-120.354956,38.189003
59861,-122.18264099999999,37.438176
59869,-122.20105900000001,37.430673999999996
59873,-122.146821,37.897409
59877,-122.15711499999999,37.381034
59917,-121.833582,37.25863
59921,-122.182546,37.781068
59927,-122.310045,37.503163
59931,-122.16014399999999,37.416142
60011,-122.038427,37.298396999999994
60015,-122.469673,37.762128999999995
60019,-122.39201100000001,37.792139
60021,-121.80361699999999,37.631578000000005
60025,-122.25111000000001,37.759440999999995
60057,-122.18645500000001,37.442217
60059,-122.206865,37.405646000000004
60063,-122.286732,37.88619
60065,-122.56781799999999,37.968823
60067,-122.03443500000002,37.220428999999996
60069,-122.042302,37.286096
60089,-121.96998700000002,37.425056
60097,-122.27115,37.791244
60099,-122.445319,37.73868
60101,-122.438465,37.752122
60103,-122.11595200000001,37.842071000000004
60105,-122.25473500000001,37.476101
60109,-122.050132,36.968992
60113,-122.092624,37.985245
60115,-122.29771000000001,37.52149
60139,-121.713971,37.901631
60157,-122.43755900000001,38.302488000000004
60163,-122.505996,37.750116999999996
60171,-122.458646,37.643609999999995
60193,-122.14542,37.376465
60197,-122.462801,37.874717
60223,-122.13198700000001,37.3497
60231,-121.86874099999999,36.603502
60259,-122.445924,37.740165000000005
60263,-122.16333999999999,37.888729999999995
60265,-122.547418,38.197829999999996
60269,-122.25196799999999,37.81256
60279,-121.952524,37.288823
60305,-122.33975,37.516729999999995
60319,-122.019428,37.335685999999995
60433,-122.497115,37.780384999999995
60437,-121.613129,37.159603000000004
60455,-122.238724,38.077187
60485,-122.2226,37.439
60501,-122.816997,38.079254
60509,-122.440999,37.457921
60511,-122.42281899999999,37.744651
60519,-121.918725,36.624322
60525,-121.53796200000001,38.59449
60535,-121.885099,36.954189
60537,-121.97794499999999,37.766606
60563,-122.671558,38.456936999999996
60577,-122.27406699999999,37.867886
60579,-121.947594,37.099070000000005
60587,-121.112078,38.626511
60603,-122.549043,37.971558
60641,-122.09159,37.384840000000004
60645,-122.47921799999999,38.301289000000004
60657,-122.853679,38.313544
60663,-121.90063700000002,37.297934999999995
60673,-120.270723,38.291607
60679,-122.23344099999998,37.840962
60689,-122.28298600000001,37.918161
60699,-122.53541000000001,37.888932000000004
60735,-122.043769,37.236927
60753,-122.553315,38.412481
60767,-121.51022900000001,38.555446
60801,-122.141449,37.907027
60811,-122.482569,37.744004
60815,-121.686203,37.942126
60819,-121.98464299999999,37.332417
60839,-122.042727,37.35629
60851,-121.964904,37.967194
60903,-122.22601200000001,38.118856
60939,-122.440987,38.189859000000006
61021,-120.33813,38.245290999999995
61117,-122.512198,37.545024
61125,-121.77113100000001,37.229564
61129,-122.212852,37.834579999999995
61131,-122.38375500000001,37.568844
61141,-122.212746,37.85134
61145,-122.19169699999999,37.951343
61159,-121.7819,38.5513
61161,-122.537051,37.941038
61165,-122.32469499999999,37.523675
61169,-122.157224,37.381046999999995
61173,-122.27314299999999,37.896972999999996
61175,-122.64818000000001,38.474709999999995
61195,-122.12449,37.754613
61197,-122.357924,37.919540999999995
61205,-122.534116,37.892602000000004
61209,-122.090019,37.365697
61211,-122.464706,37.729606
61213,-122.43174199999999,37.433365
61217,-122.21921499999999,37.422994
61227,-122.425574,37.747581
61229,-122.33426899999999,37.571253999999996
61233,-122.383229,37.923078000000004
61237,-122.454016,37.729075
61241,-122.43160300000001,37.750229
61247,-122.37613400000001,37.911851
61249,-122.43301399999999,37.796275
61381,-121.385166,38.7755
61385,-122.06582399999999,37.399202
61389,-121.908795,37.792183
61391,-122.36271799999999,37.559855
61407,-121.96581200000001,37.037661
61413,-122.584603,38.57893
61417,-122.588558,38.364321000000004
61421,-122.15191599999999,37.433492
61423,-122.28834499999999,37.768763
61427,-122.27763200000001,37.489292
61429,-122.45221399999998,37.879878000000005
61433,-121.72336999999999,37.902037
61439,-122.388098,37.591663
61567,-121.98877399999999,37.355394
61573,-122.27672,37.462259
61593,-122.334443,37.55699
61597,-122.017344,37.263698
61605,-122.207654,37.424932
61655,-121.64294299999999,37.12947
61723,-122.048594,36.953463
61759,-121.99665800000001,37.246167
61827,-122.75005300000001,38.478182000000004
61837,-122.30902900000001,37.535918
61839,-122.254792,37.851349
62129,-121.505447,38.540915999999996
62181,-123.027275,38.789302
62357,-122.485216,38.484502
62367,-121.97376399999999,37.79012
62369,-122.088944,37.381910999999995
62373,-122.468551,37.742504
62381,-122.27121499999998,37.890775
62387,-122.054873,37.357440000000004
62389,-122.41086499999999,37.740593
62417,-121.894376,37.47204
62423,-122.181968,37.477108
62427,-122.449679,37.643537
62493,-122.70464299999999,38.320808
62795,-121.46760800000001,38.535847
63169,-122.10823300000001,37.394144
63171,-122.23295300000001,37.422522
63481,-121.452266,38.513936
63485,-121.44923600000001,38.531027
